,Appliance_Category,avg_Energy_Rating
0,AC,3.6314735
1,CD,4.5268292
2,CW,3.4390998
3,DW,3.362598
4,RF,2.9911022
5,TV,4.5137434
